{
    "metrics": {
        "http_req_sending": {
            "avg": 0.010816832838706901,
            "min": 0,
            "med": 0.014,
            "max": 1.378,
            "p(90)": 0.021,
            "p(95)": 0.025
        },
        "http_req_receiving": {
            "min": 0,
            "med": 0.057,
            "max": 2.891,
            "p(90)": 0.16820000000000074,
            "p(95)": 0.22,
            "avg": 0.06756177264997147
        },
        "group_duration": {
            "p(90)": 34.54508920000001,
            "p(95)": 48.396404,
            "avg": 18.14424767287694,
            "min": 0.956786,
            "med": 12.916866,
            "max": 332.492899
        },
        "vus_max": {
            "value": 100,
            "min": 100,
            "max": 100
        },
        "http_req_duration": {
            "p(90)": 9.853200000000001,
            "p(95)": 14.557599999999992,
            "avg": 4.772419787255376,
            "min": 0,
            "med": 4.623,
            "max": 148.848,
            "thresholds": {
                "p(95)<500": false,
                "avg<200": false
            }
        },
        "data_sent": {
            "count": 3215759,
            "rate": 27350.03782132016
        },
        "http_req_waiting": {
            "max": 147.456,
            "p(90)": 9.669200000000002,
            "p(95)": 14.406399999999994,
            "avg": 4.694041181766622,
            "min": 0,
            "med": 4.529
        },
        "http_req_blocked": {
            "p(95)": 0.006,
            "avg": 0.004484711060722631,
            "min": 0,
            "med": 0.003,
            "max": 1.548,
            "p(90)": 0.005
        },
        "http_reqs": {
            "count": 29989,
            "rate": 255.05651518772714
        },
        "http_req_connecting": {
            "min": 0,
            "med": 0,
            "max": 0.329,
            "p(90)": 0,
            "p(95)": 0,
            "avg": 0.0010836306645770116
        },
        "vus": {
            "value": 10,
            "min": 10,
            "max": 10
        },
        "http_req_failed": {
            "passes": 12668,
            "fails": 17321,
            "thresholds": {
                "rate<0.01": true
            },
            "value": 0.422421554570009
        },
        "data_received": {
            "count": 5334884,
            "rate": 45373.20090602429
        },
        "iterations": {
            "count": 12657,
            "rate": 107.64781462306388
        },
        "http_req_tls_handshaking": {
            "med": 0,
            "max": 0,
            "p(90)": 0,
            "p(95)": 0,
            "avg": 0,
            "min": 0
        },
        "http_req_duration{expected_response:true}": {
            "med": 6.439,
            "max": 148.848,
            "p(90)": 13.538,
            "p(95)": 18.122,
            "avg": 8.193074707003133,
            "min": 3.342
        },
        "checks": {
            "passes": 17321,
            "fails": 12665,
            "value": 0.577636230240779
        },
        "iteration_duration": {
            "avg": 81.84964467820193,
            "min": 0.970352,
            "med": 11.877842,
            "max": 1882.106775,
            "p(90)": 18.669632399999998,
            "p(95)": 1124.0040451999998
        }
    },
    "root_group": {
        "groups": {
            "Basic User Flow": {
                "id": "44313a8a50cb38763735ec63cf14117b",
                "groups": {},
                "checks": {
                        "createUser 2xx": {
                            "name": "createUser 2xx",
                            "path": "::Basic User Flow::createUser 2xx",
                            "id": "7c7776ea01437246fda7c77bed5732c0",
                            "passes": 756,
                            "fails": 11901
                        },
                        "updateLogin 2xx": {
                            "passes": 755,
                            "fails": 1,
                            "name": "updateLogin 2xx",
                            "path": "::Basic User Flow::updateLogin 2xx",
                            "id": "4c756c9091810a185cab1c63047025a6"
                        },
                        "userdeactivate 2xx": {
                            "passes": 755,
                            "fails": 1,
                            "name": "userdeactivate 2xx",
                            "path": "::Basic User Flow::userdeactivate 2xx",
                            "id": "62bacabfba25967627a9f9419397aa4b"
                        },
                        "useractivate 2xx": {
                            "name": "useractivate 2xx",
                            "path": "::Basic User Flow::useractivate 2xx",
                            "id": "1d17a17d3d0ded5db2297a49862672ad",
                            "passes": 754,
                            "fails": 2
                        }
                    },
                "name": "Basic User Flow",
                "path": "::Basic User Flow"
            },
            "Basic Order Flow": {
                "name": "Basic Order Flow",
                "path": "::Basic Order Flow",
                "id": "f99ceeeb8ba1342938b37831f14a5be7",
                "groups": {},
                "checks": {
                        "createUser 2xx": {
                            "passes": 754,
                            "fails": 2,
                            "name": "createUser 2xx",
                            "path": "::Basic Order Flow::createUser 2xx",
                            "id": "36f93fa7fba9ba40e56ddfea54f070e0"
                        },
                        "createOrder 2xx": {
                            "fails": 0,
                            "name": "createOrder 2xx",
                            "path": "::Basic Order Flow::createOrder 2xx",
                            "id": "346e3bc1d70c319099c41b59a93fd9bb",
                            "passes": 754
                        },
                        "orderStatus PAID 2xx": {
                            "name": "orderStatus PAID 2xx",
                            "path": "::Basic Order Flow::orderStatus PAID 2xx",
                            "id": "25d4e0323d4b66252512c590a36a1033",
                            "passes": 754,
                            "fails": 0
                        },
                        "orderStatus SHIPPED 2xx": {
                            "name": "orderStatus SHIPPED 2xx",
                            "path": "::Basic Order Flow::orderStatus SHIPPED 2xx",
                            "id": "22b573444fa29c97b41becd6db6b443a",
                            "passes": 754,
                            "fails": 0
                        },
                        "orderStatus DELIVERED 2xx": {
                            "name": "orderStatus DELIVERED 2xx",
                            "path": "::Basic Order Flow::orderStatus DELIVERED 2xx",
                            "id": "caa782fae6d111d20a6ba8aa8ab08873",
                            "passes": 754,
                            "fails": 0
                        },
                        "orderAmountChange 2xx": {
                            "name": "orderAmountChange 2xx",
                            "path": "::Basic Order Flow::orderAmountChange 2xx",
                            "id": "b6c6f09be9c4b4659ddf026e04d7db45",
                            "passes": 754,
                            "fails": 0
                        }
                    }
            },
            "Basic Product Flow": {
                "id": "0c0a785f3643173ce4828984d7325725",
                "groups": {},
                "checks": {
                        "createProduct 2xx": {
                            "name": "createProduct 2xx",
                            "path": "::Basic Product Flow::createProduct 2xx",
                            "id": "5a591d15f26581063d9a12e2b0d80daa",
                            "passes": 754,