{
    "metrics": {
        "data_received": {
            "count": 73432426,
            "rate": 84228.44230534745
        },
        "http_req_duration{expected_response:true}": {
            "max": 179.26,
            "p(90)": 5.231,
            "p(95)": 8.553,
            "avg": 4.280307409193877,
            "min": 0.148,
            "med": 2.956
        },
        "http_req_duration": {
            "p(90)": 5.115,
            "p(95)": 8.225,
            "avg": 4.14731848592054,
            "min": 0.148,
            "med": 2.909,
            "max": 179.26,
            "thresholds": {
                "p(95)<500": false,
                "avg<200": false
            }
        },
        "http_req_connecting": {
            "p(90)": 0,
            "p(95)": 0,
            "avg": 0.002131479135726976,
            "min": 0,
            "med": 0,
            "max": 28.635
        },
        "http_req_sending": {
            "avg": 0.016023568766202218,
            "min": 0.005,
            "med": 0.013,
            "max": 26.282,
            "p(90)": 0.023,
            "p(95)": 0.031
        },
        "http_req_waiting": {
            "avg": 4.0516298957514545,
            "min": 0,
            "med": 2.838,
            "max": 178.198,
            "p(90)": 4.999,
            "p(95)": 7.956
        },
        "vus": {
            "value": 38,
            "min": 0,
            "max": 38
        },
        "http_req_blocked": {
            "avg": 0.007030368218730779,
            "min": 0.001,
            "med": 0.003,
            "max": 28.729,
            "p(90)": 0.005,
            "p(95)": 0.009
        },
        "iterations": {
            "count": 11409,
            "rate": 13.086348233431767
        },
        "data_sent": {
            "count": 49270316,
            "rate": 56514.02513342317
        },
        "iteration_duration": {
            "med": 1074.955768,
            "max": 1963.747667,
            "p(90)": 1139.8528336000002,
            "p(95)": 1202.8431406000002,
            "avg": 1101.5199915769208,
            "min": 1044.423384
        },
        "checks": {
            "fails": 11447,
            "passes": 263281,
            "value": 0.9583333333333334
        },
        "http_req_receiving": {
            "avg": 0.07966502140300077,
            "min": 0.015,
            "med": 0.049,
            "max": 50.205,
            "p(90)": 0.092,
            "p(95)": 0.113
        },
        "http_req_failed": {
            "passes": 11447,
            "fails": 263281,
            "thresholds": {
                "rate<0.01": true
            },
            "value": 0.041666666666666664
        },
        "http_req_tls_handshaking": {
            "p(95)": 0,
            "avg": 0,
            "min": 0,
            "med": 0,
            "max": 0,
            "p(90)": 0
        },
        "group_duration": {
            "min": 6.646372,
            "med": 14.517781,
            "max": 422.532834,
            "p(90)": 28.223615199999998,
            "p(95)": 48.72140159999995,
            "avg": 20.598009729937896
        },
        "vus_max": {
            "value": 100,
            "min": 100,
            "max": 100
        },
        "http_reqs": {
            "count": 274728,
            "rate": 315.1184396068229
        }
    },
    "root_group": {
        "checks": {},
        "name": "",
        "path": "",
        "id": "d41d8cd98f00b204e9800998ecf8427e",
        "groups": {
                "Basic User Flow": {
                    "groups": {},
                    "checks": {
                            "createUser 2xx": {
                                "fails": 0,
                                "name": "createUser 2xx",
                                "path": "::Basic User Flow::createUser 2xx",
                                "id": "7c7776ea01437246fda7c77bed5732c0",
                                "passes": 11447
                            },
                            "updateLogin 2xx": {
                                "path": "::Basic User Flow::updateLogin 2xx",
                                "id": "4c756c9091810a185cab1c63047025a6",
                                "passes": 11447,
                                "fails": 0,
                                "name": "updateLogin 2xx"
                            },
                            "userdeactivate 2xx": {
                                "name": "userdeactivate 2xx",
                                "path": "::Basic User Flow::userdeactivate 2xx",
                                "id": "62bacabfba25967627a9f9419397aa4b",
                                "passes": 11447,
                                "fails": 0
                            },
                            "useractivate 2xx": {
                                "name": "useractivate 2xx",
                                "path": "::Basic User Flow::useractivate 2xx",
                                "id": "1d17a17d3d0ded5db2297a49862672ad",
                                "passes": 11447,
                                "fails": 0
                            }
                        },
                    "name": "Basic User Flow",
                    "path": "::Basic User Flow",
                    "id": "44313a8a50cb38763735ec63cf14117b"
                },
                "Basic Order Flow": {
                    "name": "Basic Order Flow",
                    "path": "::Basic Order Flow",
                    "id": "f99ceeeb8ba1342938b37831f14a5be7",
                    "groups": {},
                    "checks": {
                            "createUser 2xx": {
                                "name": "createUser 2xx",
                                "path": "::Basic Order Flow::createUser 2xx",
                                "id": "36f93fa7fba9ba40e56ddfea54f070e0",
                                "passes": 11447,
                                "fails": 0
                            },
                            "createOrder 2xx": {
                                "name": "createOrder 2xx",
                                "path": "::Basic Order Flow::createOrder 2xx",
                                "id": "346e3bc1d70c319099c41b59a93fd9bb",
                                "passes": 11447,
                                "fails": 0
                            },
                            "orderStatus PAID 2xx": {
                                "name": "orderStatus PAID 2xx",
                                "path": "::Basic Order Flow::orderStatus PAID 2xx",
                                "id": "25d4e0323d4b66252512c590a36a1033",
                                "passes": 11447,
                                "fails": 0
                            },
                            "orderStatus SHIPPED 2xx": {
                                "name": "orderStatus SHIPPED 2xx",
                                "path": "::Basic Order Flow::orderStatus SHIPPED 2xx",
                                "id": "22b573444fa29c97b41becd6db6b443a",
                                "passes": 11447,
                                "fails": 0
                            },
                            "orderStatus DELIVERED 2xx": {
                                "fails": 0,
                                "name": "orderStatus DELIVERED 2xx",
                                "path": "::Basic Order Flow::orderStatus DELIVERED 2xx",
                                "id": "caa782fae6d111d20a6ba8aa8ab08873",
                                "passes": 11447
                            },
                            "orderAmountChange 2xx": {
                                "name": "orderAmountChange 2xx",
                                "path": "::Basic Order Flow::orderAmountChange 2xx",
                                "id": "b6c6f09be9c4b4659ddf026e04d7db45",
                                "passes": 11447,
                                "fails": 0
                            }
                        }
                },